Hours of Sleep,,Metric,Value / Lower Bound,Upper Bound,,,,,Bins,Frequency,NormDIst Formula,Normal Distribution
4,,Mean,5.155,,,,,,0,0,0.002298069544,0.1332880336
5,,Median,5.000,,,,,,1,0,0.01163418103,0.6747824999
7,,Mode,4.000,,,,,,2,3,0.04157179595,2.411164165
3,,Standard Deviation,1.694,,,,,,3,5,0.1048460507,6.081070941
5,,,Lower Bound,Upper Bound,Actual Count,Actual Percentage,Empirical Target,,4,16,0.1866361148,10.82489466
4,,1σ,3.461,6.849,36,62.07%,68.0%,,5,11,0.2344928547,13.60058557
5,,2σ,1.767,8.544,57,98.28%,95.0%,,6,9,0.2079475758,12.0609594
7,,3σ,0.073,10.238,58,100.00%,99.7%,,7,8,0.1301572696,7.549121638
7,,,,,,,,,8,5,0.05750072453,3.335042023
4,,,,,,,,,9,1,0.01792951426,1.039911827
4,,,,,,,,,10,0,0.003945972466,0.2288664031
2,,,,,,,,,,0,,0
8,,,,,,,,,,,,
9,,,,,,,,,,,,
4,,,,,,,,,,,,
4,,,,,,,,,,,,
5,,,,,,,,,,,,
7,,,,,,,,,,,,
7,,,,,,,,,,,,
4,,,,,,,,,,,,
7,,,,,,,,,,,,
6,,,,,,,,,,,,
5,,,,,,,,,,,,
4,,,,,,,,,,,,
6,,,,,,,,,,,,
3,,,,,,,,,,,,
4,,,,,,,,,,,,
6,,,,,,,,,,,,
7,,,,,,,,,,,,
4,,,,,,,,,,,,
8,,,,,,,,,,,,
8,,,,,,,,,,,,
8,,,,,,,,,,,,
4,,,,,,,,,,,,
2,,,,,,,,,,,,
4,,,,,,,,,,,,
5,,,,,,,,,,,,
6,,,,,,,,,,,,
6,,,,,,,,,,,,
6,,,,,,,,,,,,
6,,,,,,,,,,,,
6,,,,,,,,,,,,
6,,,,,,,,,,,,
8,,,,,,,,,,,,
7,,,,,,,,,,,,
3,,,,,,,,,,,,
4,,,,,,,,,,,,
5,,,,,,,,,,,,
2,,,,,,,,,,,,
4,,,,,,,,,,,,
5,,,,,,,,,,,,
3,,,,,,,,,,,,
5,,,,,,,,,,,,
4,,,,,,,,,,,,
3,,,,,,,,,,,,
5,,,,,,,,,,,,
5,,,,,,,,,,,,
4,,,,,,,,,,,,