Approximately how long do you wait for the elevator?,What time did you wait for an elevator?
7,1:01 PM - 3:00 PM
2,7:00 AM - 9:00 PM
9,1:01 PM - 3:00 PM
4,9:01 AM - 11:00 AM
1,3:01 PM - 5:00 PM
6,1:01 PM - 3:00 PM
3,11:01 PM - 1:00 PM
5,5:01 PM onwards
2,9:01 AM - 11:00 AM
4,3:01 PM - 5:00 PM
4,7:00 AM - 9:00 PM
7,1:01 PM - 3:00 PM
1,11:01 PM - 1:00 PM
6,1:01 PM - 3:00 PM
3,5:01 PM onwards
2,7:00 AM - 9:00 PM
5,9:01 AM - 11:00 AM
5,3:01 PM - 5:00 PM
10,1:01 PM - 3:00 PM
6,1:01 PM - 3:00 PM
4,11:01 PM - 1:00 PM
4,5:01 PM onwards
2,7:00 AM - 9:00 PM
2,3:01 PM - 5:00 PM
2,9:01 AM - 11:00 AM
2,11:01 PM - 1:00 PM
3,5:01 PM onwards
3,7:00 AM - 9:00 PM
4,9:01 AM - 11:00 AM
4,3:01 PM - 5:00 PM