Do you agree to participate in this survey?,"On average, how many hours of sleep do you get per night? (Just the number of hours without minutes)"
Yes,4
Yes,5
Yes,7
Yes,3
Yes,5
Yes,4
Yes,5
Yes,7
Yes,7
Yes,4
Yes,4
Yes,2
Yes,8
Yes,9
Yes,4
Yes,4
Yes,5
Yes,7
Yes,7
Yes,4
Yes,7
Yes,6
Yes,5
Yes,4
Yes,6
Yes,3
Yes,4
Yes,6
Yes,7
Yes,4
Yes,8
Yes,8
Yes,8
Yes,4
Yes,2
Yes,4
Yes,5
Yes,6
Yes,6
Yes,6
Yes,6
Yes,6
Yes,6
Yes,8
Yes,7
Yes,3
Yes,4
Yes,5
Yes,2
Yes,4
Yes,5
Yes,3
Yes,5
Yes,4
Yes,3
Yes,5
Yes,5
Yes,4